x,y,elevation_m,water
0,0,0,1
8,0,0,1
16,0,0,1
24,0,0,1
32,0,0,1
40,0,0,1
48,0,0,1
56,0,0,1
64,0,0,1
72,0,0,1
80,0,0,1
88,0,0,1
96,0,0,1
104,0,0,1
112,0,0,1
120,0,0,1
128,0,0,1
136,0,0,1
144,0,0,1
152,0,0,1
160,0,0,1
168,0,0,1
176,0,0,1
184,0,0,1
192,0,0,1
200,0,0,1
208,0,0,1
216,0,0,1
224,0,0,1
232,0,0,1
240,0,0,1
248,0,0,1
0,8,0,1
8,8,0,1
16,8,0,1
24,8,0,1
32,8,0,1
40,8,0,1
48,8,0,1
56,8,0,1
64,8,0,1
72,8,0,1
80,8,0,1
88,8,0,1
96,8,0,1
104,8,0,1
112,8,0,1
120,8,0,1
128,8,0,1
136,8,0,1
144,8,0,1
152,8,0,1
160,8,0,1
168,8,0,1
176,8,0,1
184,8,0,1
192,8,0,1
200,8,0,1
208,8,0,1
216,8,0,1
224,8,0,1
232,8,0,1
240,8,0,1
248,8,0,1
0,16,0,1
8,16,0,1
16,16,0,1
24,16,0,1
32,16,0,1
40,16,0,1
48,16,0,1
56,16,0,1
64,16,0,1
72,16,0,1
80,16,0,1
88,16,0,1
96,16,0,1
104,16,0,1
112,16,0,1
120,16,0,1
128,16,0,1
136,16,0,1
144,16,0,1
152,16,0,1
160,16,0,1
168,16,0,1
176,16,0,1
184,16,0,1
192,16,0,1
200,16,0,1
208,16,0,1
216,16,0,1
224,16,0,1
232,16,0,1
240,16,0,1
248,16,0,1
0,24,16.2,0
8,24,16.4,0
16,24,17.1,0
24,24,18.2,0
32,24,19.6,0
40,24,21.5,0
48,24,23.6,0
56,24,26.1,0
64,24,28.7,0
72,24,0,1
80,24,0,1
88,24,0,1
96,24,39.7,0
104,24,42.2,0
112,24,44.5,0
120,24,46.6,0
128,24,48.3,0
136,24,49.6,0
144,24,50.6,0
152,24,51.1,0
160,24,51.1,0
168,24,50.8,0
176,24,49.9,0
184,24,48.7,0
192,24,47.1,0
200,24,45.1,0
208,24,42.9,0
216,24,40.4,0
224,24,37.7,0
232,24,34.9,0
240,24,32.1,0
248,24,29.4,0
0,32,16.4,0
8,32,16.6,0
16,32,17.3,0
24,32,18.4,0
32,32,19.9,0
40,32,21.7,0
48,32,23.9,0
56,32,26.3,0
64,32,28.9,0
72,32,0,1
80,32,0,1
88,32,0,1
96,32,39.9,0
104,32,42.4,0
112,32,44.8,0
120,32,46.8,0
128,32,48.5,0
136,32,49.9,0
144,32,50.8,0
152,32,51.3,0
160,32,51.4,0
168,32,51.0,0
176,32,50.2,0
184,32,48.9,0
192,32,47.3,0
200,32,45.4,0
208,32,43.1,0
216,32,40.6,0
224,32,37.9,0
232,32,35.2,0
240,32,32.4,0
248,32,29.6,0
0,40,16.8,0
8,40,17.0,0
16,40,17.7,0
24,40,18.8,0
32,40,20.3,0
40,40,22.1,0
48,40,24.3,0
56,40,26.7,0
64,40,29.3,0
72,40,0,1
80,40,0,1
88,40,0,1
96,40,40.3,0
104,40,42.8,0
112,40,45.2,0
120,40,47.2,0
128,40,48.9,0
136,40,50.3,0
144,40,51.2,0
152,40,51.7,0
160,40,51.8,0
168,40,51.4,0
176,40,50.6,0
184,40,49.3,0
192,40,47.7,0
200,40,45.8,0
208,40,43.5,0
216,40,41.0,0
224,40,38.3,0
232,40,35.6,0
240,40,32.8,0
248,40,30.0,0
0,48,17.4,0
8,48,17.6,0
16,48,18.3,0
24,48,19.4,0
32,48,20.9,0
40,48,22.7,0
48,48,24.9,0
56,48,27.3,0
64,48,0,1
72,48,0,1
80,48,0,1
88,48,38.2,0
96,48,40.9,0
104,48,43.4,0
112,48,45.8,0
120,48,47.8,0
128,48,49.5,0
136,48,50.9,0
144,48,51.8,0
152,48,52.3,0
160,48,52.4,0
168,48,52.0,0
176,48,51.2,0
184,48,49.9,0
192,48,48.3,0
200,48,46.3,0
208,48,44.1,0
216,48,41.6,0
224,48,38.9,0
232,48,36.2,0
240,48,33.4,0
248,48,30.6,0
0,56,18.2,0
8,56,18.5,0
16,56,19.1,0
24,56,20.2,0
32,56,21.7,0
40,56,23.5,0
48,56,25.7,0
56,56,28.1,0
64,56,0,1
72,56,0,1
80,56,0,1
88,56,39.0,0
96,56,41.7,0
104,56,44.3,0
112,56,46.6,0
120,56,48.6,0
128,56,50.4,0
136,56,51.7,0
144,56,52.6,0
152,56,53.1,0
160,56,53.2,0
168,56,52.8,0
176,56,52.0,0
184,56,50.8,0
192,56,49.1,0
200,56,47.2,0
208,56,44.9,0
216,56,42.4,0
224,56,39.8,0
232,56,37.0,0
240,56,34.2,0
248,56,31.4,0
0,64,19.3,0
8,64,19.6,0
16,64,20.2,0
24,64,21.3,0
32,64,22.8,0
40,64,24.6,0
48,64,26.8,0
56,64,0,1
64,64,0,1
72,64,0,1
80,64,37.3,0
88,64,40.1,0
96,64,42.8,0
104,64,45.4,0
112,64,47.7,0
120,64,49.7,0
128,64,51.5,0
136,64,52.8,0
144,64,53.7,0
152,64,54.2,0
160,64,54.3,0
168,64,53.9,0
176,64,53.1,0
184,64,51.9,0
192,64,50.2,0
200,64,48.3,0
208,64,46.0,0
216,64,43.5,0
224,64,40.9,0
232,64,38.1,0
240,64,35.3,0
248,64,32.5,0
0,72,20.7,0
8,72,21.0,0
16,72,21.6,0
24,72,22.7,0
32,72,24.2,0
40,72,26.1,0
48,72,0,1
56,72,0,1
64,72,0,1
72,72,36.0,0
80,72,38.8,0
88,72,41.5,0
96,72,44.2,0
104,72,46.8,0
112,72,49.1,0
120,72,51.2,0
128,72,52.9,0
136,72,54.2,0
144,72,55.2,0
152,72,55.7,0
160,72,55.7,0
168,72,55.3,0
176,72,54.5,0
184,72,53.3,0
192,72,51.6,0
200,72,49.7,0
208,72,47.4,0
216,72,44.9,0
224,72,42.3,0
232,72,39.5,0
240,72,36.7,0
248,72,34.0,0
0,80,22.5,0
8,80,22.7,0
16,80,23.4,0
24,80,24.5,0
32,80,26.0,0
40,80,27.8,0
48,80,0,1
56,80,0,1
64,80,0,1
72,80,37.7,0
80,80,40.5,0
88,80,43.3,0
96,80,46.0,0
104,80,48.5,0
112,80,50.9,0
120,80,52.9,0
128,80,54.6,0
136,80,56.0,0
144,80,56.9,0
152,80,57.4,0
160,80,57.5,0
168,80,57.1,0
176,80,56.3,0
184,80,55.0,0
192,80,53.4,0
200,80,51.4,0
208,80,49.2,0
216,80,46.7,0
224,80,44.0,0
232,80,41.3,0
240,80,38.5,0
248,80,35.7,0
0,88,24.7,0
8,88,24.9,0
16,88,25.6,0
24,88,26.6,0
32,88,28.1,0
40,88,0,1
48,88,0,1
56,88,0,1
64,88,37.1,0
72,88,39.9,0
80,88,42.7,0
88,88,45.5,0
96,88,48.2,0
104,88,50.7,0
112,88,53.0,0
120,88,55.1,0
128,88,56.8,0
136,88,58.1,0
144,88,59.1,0
152,88,59.6,0
160,88,59.6,0
168,88,59.2,0
176,88,58.4,0
184,88,57.2,0
192,88,55.6,0
200,88,53.6,0
208,88,51.3,0
216,88,48.9,0
224,88,46.2,0
232,88,43.4,0
240,88,40.6,0
248,88,37.9,0
0,96,27.2,0
8,96,27.5,0
16,96,28.1,0
24,96,29.2,0
32,96,30.7,0
40,96,0,1
48,96,0,1
56,96,0,1
64,96,39.7,0
72,96,42.5,0
80,96,45.3,0
88,96,48.0,0
96,96,50.7,0
104,96,53.3,0
112,96,55.6,0
120,96,57.7,0
128,96,59.4,0
136,96,60.7,0
144,96,61.7,0
152,96,62.2,0
160,96,62.2,0
168,96,61.8,0
176,96,61.0,0
184,96,59.8,0
192,96,58.2,0
200,96,56.2,0
208,96,53.9,0
216,96,51.4,0
224,96,48.8,0
232,96,46.0,0
240,96,43.2,0
248,96,40.5,0
0,104,30.3,0
8,104,30.5,0
16,104,31.2,0
24,104,32.3,0
32,104,33.8,0
40,104,0,1
48,104,0,1
56,104,0,1
64,104,42.8,0
72,104,45.5,0
80,104,48.3,0
88,104,51.1,0
96,104,53.8,0
104,104,56.3,0
112,104,58.7,0
120,104,60.7,0
128,104,62.4,0
136,104,63.8,0
144,104,64.7,0
152,104,65.2,0
160,104,65.3,0
168,104,64.9,0
176,104,64.1,0
184,104,62.8,0
192,104,61.2,0
200,104,59.2,0
208,104,57.0,0
216,104,54.5,0
224,104,51.8,0
232,104,49.1,0
240,104,46.3,0
248,104,43.5,0
0,112,33.9,0
8,112,34.1,0
16,112,34.8,0
24,112,35.8,0
32,112,37.3,0
40,112,0,1
48,112,0,1
56,112,0,1
64,112,46.3,0
72,112,49.1,0
80,112,51.9,0
88,112,54.7,0
96,112,57.4,0
104,112,59.9,0
112,112,62.2,0
120,112,64.3,0
128,112,66.0,0
136,112,67.3,0
144,112,68.3,0
152,112,68.8,0
160,112,68.8,0
168,112,68.4,0
176,112,67.6,0
184,112,66.4,0
192,112,64.8,0
200,112,62.8,0
208,112,60.5,0
216,112,58.1,0
224,112,55.4,0
232,112,52.6,0
240,112,49.8,0
248,112,47.1,0
0,120,38.0,0
8,120,38.2,0
16,120,38.9,0
24,120,40.0,0
32,120,41.4,0
40,120,0,1
48,120,0,1
56,120,0,1
64,120,50.5,0
72,120,53.2,0
80,120,56.0,0
88,120,58.8,0
96,120,61.5,0
104,120,64.0,0
112,120,66.3,0
120,120,68.4,0
128,120,70.1,0
136,120,71.4,0
144,120,72.4,0
152,120,72.9,0
160,120,72.9,0
168,120,72.6,0
176,120,71.7,0
184,120,70.5,0
192,120,68.9,0
200,120,66.9,0
208,120,64.7,0
216,120,62.2,0
224,120,59.5,0
232,120,56.7,0
240,120,53.9,0
248,120,51.2,0
0,128,42.7,0
8,128,42.9,0
16,128,43.6,0
24,128,44.6,0
32,128,46.1,0
40,128,48.0,0
48,128,0,1
56,128,0,1
64,128,0,1
72,128,57.9,0
80,128,60.7,0
88,128,63.5,0
96,128,66.2,0
104,128,68.7,0
112,128,71.0,0
120,128,73.1,0
128,128,74.8,0
136,128,76.1,0
144,128,77.1,0
152,128,77.6,0
160,128,77.6,0
168,128,77.3,0
176,128,76.4,0
184,128,75.2,0
192,128,73.6,0
200,128,71.6,0
208,128,69.3,0
216,128,66.9,0
224,128,64.2,0
232,128,61.4,0
240,128,58.6,0
248,128,55.9,0
0,136,48.0,0
8,136,48.2,0
16,136,48.9,0
24,136,50.0,0
32,136,51.4,0
40,136,53.3,0
48,136,55.4,0
56,136,0,1
64,136,0,1
72,136,0,1
80,136,66.0,0
88,136,68.8,0
96,136,71.5,0
104,136,74.0,0
112,136,76.3,0
120,136,78.4,0
128,136,80.1,0
136,136,81.5,0
144,136,82.4,0
152,136,82.9,0
160,136,83.0,0
168,136,82.6,0
176,136,81.7,0
184,136,80.5,0
192,136,78.9,0
200,136,76.9,0
208,136,74.7,0
216,136,72.2,0
224,136,69.5,0
232,136,66.8,0
240,136,64.0,0
248,136,61.2,0
0,144,54.0,0
8,144,54.2,0
16,144,54.9,0
24,144,55.9,0
32,144,57.4,0
40,144,59.3,0
48,144,61.4,0
56,144,0,1
64,144,0,1
72,144,0,1
80,144,72.0,0
88,144,74.8,0
96,144,77.5,0
104,144,80.0,0
112,144,82.3,0
120,144,84.4,0
128,144,86.1,0
136,144,87.4,0
144,144,88.4,0
152,144,88.9,0
160,144,88.9,0
168,144,88.6,0
176,144,87.7,0
184,144,86.5,0
192,144,84.9,0
200,144,82.9,0
208,144,80.7,0
216,144,78.2,0
224,144,75.5,0
232,144,72.7,0
240,144,69.9,0
248,144,67.2,0
0,152,60.7,0
8,152,60.9,0
16,152,61.5,0
24,152,62.6,0
32,152,64.1,0
40,152,66.0,0
48,152,68.1,0
56,152,70.5,0
64,152,0,1
72,152,0,1
80,152,0,1
88,152,81.4,0
96,152,84.1,0
104,152,86.7,0
112,152,89.0,0
120,152,91.1,0
128,152,92.8,0
136,152,94.1,0
144,152,95.1,0
152,152,95.6,0
160,152,95.6,0
168,152,95.2,0
176,152,94.4,0
184,152,93.2,0
192,152,91.6,0
200,152,89.6,0
208,152,87.3,0
216,152,84.8,0
224,152,82.2,0
232,152,79.4,0
240,152,76.6,0
248,152,73.9,0
0,160,68.1,0
8,160,68.3,0
16,160,69.0,0
24,160,70.1,0
32,160,71.5,0
40,160,73.4,0
48,160,75.5,0
56,160,78.0,0
64,160,0,1
72,160,0,1
80,160,0,1
88,160,88.9,0
96,160,91.6,0
104,160,94.1,0
112,160,96.4,0
120,160,98.5,0
128,160,100.2,0
136,160,101.6,0
144,160,102.5,0
152,160,103.0,0
160,160,103.1,0
168,160,102.7,0
176,160,101.8,0
184,160,100.6,0
192,160,99.0,0
200,160,97.0,0
208,160,94.8,0
216,160,92.3,0
224,160,89.6,0
232,160,86.8,0
240,160,84.1,0
248,160,81.3,0
0,168,76.3,0
8,168,76.5,0
16,168,77.2,0
24,168,78.3,0
32,168,79.8,0
40,168,81.6,0
48,168,83.8,0
56,168,86.2,0
64,168,88.8,0
72,168,0,1
80,168,0,1
88,168,0,1
96,168,99.8,0
104,168,102.3,0
112,168,104.6,0
120,168,106.7,0
128,168,108.4,0
136,168,109.8,0
144,168,110.7,0
152,168,111.2,0
160,168,111.3,0
168,168,110.9,0
176,168,110.1,0
184,168,108.8,0
192,168,107.2,0
200,168,105.2,0
208,168,103.0,0
216,168,100.5,0
224,168,97.8,0
232,168,95.1,0
240,168,92.3,0
248,168,89.5,0
0,176,85.3,0
8,176,85.5,0
16,176,86.2,0
24,176,87.3,0
32,176,88.8,0
40,176,90.6,0
48,176,92.8,0
56,176,95.2,0
64,176,97.8,0
72,176,0,1
80,176,0,1
88,176,0,1
96,176,108.8,0
104,176,111.4,0
112,176,113.7,0
120,176,115.7,0
128,176,117.4,0
136,176,118.8,0
144,176,119.7,0
152,176,120.2,0
160,176,120.3,0
168,176,119.9,0
176,176,119.1,0
184,176,117.8,0
192,176,116.2,0
200,176,114.3,0
208,176,112.0,0
216,176,109.5,0
224,176,106.9,0
232,176,104.1,0
240,176,101.3,0
248,176,98.5,0
0,184,95.2,0
8,184,95.4,0
16,184,96.1,0
24,184,97.2,0
32,184,98.7,0
40,184,100.5,0
48,184,102.7,0
56,184,105.1,0
64,184,0,1
72,184,0,1
80,184,0,1
88,184,116.0,0
96,184,118.7,0
104,184,121.2,0
112,184,123.6,0
120,184,125.6,0
128,184,127.3,0
136,184,128.7,0
144,184,129.6,0
152,184,130.1,0
160,184,130.2,0
168,184,129.8,0
176,184,129.0,0
184,184,127.7,0
192,184,126.1,0
200,184,124.2,0
208,184,121.9,0
216,184,119.4,0
224,184,116.7,0
232,184,114.0,0
240,184,111.2,0
248,184,108.4,0
